question,grade_1,grade_2,grade_3,grade_4,grade_5,grade_6,grade_7,grade_8,grade_9,grade_10,grade_11,grade_12
How do you think we can make our school/community a better place?,By picking up trash and being kind to everyone.,We can clean up the playground and help new students feel welcome.,"We can organize clean-up days and start clubs for things we're passionate about, like art or sports.","""We can pick up trash, plant flowers, and be kind to each other. If we work together, we can make our school and community super awesome!""","We can organize clean-up days, start recycling programs, and create clubs for things like gardening or coding to make our school and community cleaner and more fun!","We can organize fundraisers for local charities, start environmental clubs to clean up parks, and advocate for inclusive policies to ensure everyone feels valued and supported.","""We can organize community service projects, advocate for positive changes, and promote inclusivity and kindness among our peers. By working together, we can create a supportive and thriving environment for everyone.""","""We can initiate community service projects, establish mentorship programs, and advocate for inclusive policies to foster a more supportive and vibrant school and community environment.""","""We can organize more student-led initiatives addressing mental health, environmental sustainability, and social justice issues. Additionally, fostering a culture of inclusivity and diversity can help create a more supportive and welcoming community.""","""We can organize more student-led initiatives focused on mental health awareness, environmental sustainability, and community service projects. Additionally, promoting diversity, inclusivity, and school spirit can foster a more supportive and vibrant community.""","""We can implement more student-driven initiatives focused on mental health awareness, sustainability, and community service projects. Additionally, fostering a culture of inclusivity, diversity, and open communication can contribute to a more supportive and vibrant community.""","""We can promote inclusivity and diversity through cultural events, awareness campaigns, and student-led initiatives. Additionally, creating more opportunities for collaboration, mentorship, and civic engagement can foster a sense of belonging and unity within our school and community."""
"What are some important problems facing our world today, and how can we work together to solve them?",Helping animals find homes and sharing toys with friends.,Helping animals find homes and recycling to keep our planet clean.,"Helping animals find homes, reducing pollution, and recycling to keep our planet clean.","""Pollution, animals losing their homes, and people not having enough food are big problems. We can help by recycling, taking care of animals, and sharing our snacks with those who need them.""","Issues like pollution, poverty, and animal extinction are big problems. We can help by reducing waste, volunteering at shelters, and supporting organizations that protect the environment and help people in need.","Climate change, poverty, and inequality are pressing issues. By raising awareness, advocating for policy change, and taking individual actions like reducing our carbon footprint and volunteering, we can make a difference.","""Issues like climate change, poverty, and social injustice are pressing concerns. By raising awareness, supporting sustainable practices, and advocating for policy change, we can address these challenges and work towards a more equitable and sustainable future.""","""Climate change, social inequality, and global health crises are significant challenges. By promoting sustainable practices, advocating for equitable policies, and fostering international cooperation, we can address these complex issues and strive for a more just and sustainable world.""","""Climate change, income inequality, and systemic racism are pressing global issues. By advocating for policy change, participating in grassroots movements, and amplifying marginalized voices, we can work towards a more equitable and sustainable future.""","""Climate change, social inequality, and global health crises are significant challenges. By advocating for policy change, supporting grassroots movements, and engaging in collective action, we can address these issues and work towards a more just and sustainable future.""","""Climate change, social injustice, and global health crises are significant challenges. By advocating for policy reform, supporting grassroots movements, and engaging in collaborative efforts, we can address these issues and strive towards a more equitable and sustainable future.""","""Climate change, social injustice, and global health crises are pressing issues that require collective action. By advocating for policy reform, supporting grassroots movements, and fostering global cooperation, we can address these challenges and create a more equitable and sustainable future."""
Can you describe a time when you had to overcome a challenge? What did you learn from it?,I learned to tie my shoes all by myself!,"I learned to ride my bike without training wheels! It was hard, but I kept trying.","I learned to ride a bike without training wheels. It was scary at first, but I practiced and got better!","""I was scared to give a speech in class, but I practiced a lot and told myself I could do it. I learned that practicing and believing in myself can help me do things I didn't think I could.""","Last year, I was nervous about giving a presentation in front of the class, but I practiced a lot and asked my teacher for tips. It was scary at first, but I learned that practice and preparation help me do my best.","Last year, I struggled with math, but with perseverance and extra help from my teacher, I improved my grades. I learned the importance of asking for help and not giving up when things get tough.","""Last year, I struggled with time management and balancing schoolwork with extracurricular activities. Through trial and error, I learned the importance of prioritization, organization, and seeking support when needed. It taught me valuable skills that I continue to apply.""","""Last year, I faced academic setbacks due to health issues, but with perseverance and support from my teachers and peers, I was able to overcome obstacles and achieve academic success. It taught me resilience, time management, and the importance of seeking help when needed.""","""Last year, I struggled with balancing academics, extracurriculars, and personal responsibilities. Through time management strategies and seeking support from teachers and peers, I learned the importance of prioritization, self-care, and resilience.""","""Last year, I struggled with time management and academic stress. Through trial and error, I developed better organizational skills, sought support from teachers and peers, and learned the importance of self-care and resilience in overcoming obstacles.""","""Last year, I faced academic pressure and struggled with time management. Through resilience, self-reflection, and seeking support from mentors, I learned the importance of prioritization, self-care, and adapting to adversity.""","""Last year, I faced academic pressure and struggled with time management. Through perseverance, self-reflection, and seeking support from peers and teachers, I learned the importance of resilience, prioritization, and self-care in overcoming obstacles and achieving success."""
"What does success mean to you, and how do you plan to achieve it?",Success is getting a gold star! I'll try my best in school.,Success is doing well on my spelling test and reading lots of books. I practice every day.,"Success is doing well in school, being a good friend, and helping others. I'll keep trying my best every day.","""Success is when I do my best and feel proud of myself. I'll keep trying my hardest in school, helping my friends, and never giving up, even when things are tricky.""","Success means doing well in school, being kind to others, and following my dreams. I'll achieve success by working hard, being respectful, and never giving up, even when things are tough.","Success is achieving personal goals, making a positive impact, and finding fulfillment in what I do. I plan to achieve success by setting realistic goals, working hard, and staying dedicated to my passions.","""Success, to me, is achieving personal goals, making a positive impact, and finding fulfillment in my endeavors. I plan to achieve success by setting ambitious yet achievable goals, staying resilient in the face of setbacks, and continuously learning and growing.""","""Success, to me, is achieving personal fulfillment, making a positive impact, and pursuing my passions with dedication and integrity. I plan to achieve success by setting ambitious yet achievable goals, cultivating a growth mindset, and embracing opportunities for growth and learning.""","""Success, to me, is achieving personal fulfillment, making a positive impact, and pursuing my passions with integrity and purpose. I plan to achieve success by setting ambitious yet achievable goals, cultivating meaningful relationships, and continuously learning and growing.""","""Success, to me, is achieving personal fulfillment, making a positive impact, and pursuing my passions with dedication and integrity. I plan to achieve success by setting ambitious yet realistic goals, seeking out opportunities for growth, and maintaining a balance between academics, extracurriculars, and personal interests.""","""Success, to me, is achieving personal fulfillment, making a positive impact, and pursuing my passions with integrity and purpose. I plan to achieve success by setting ambitious yet achievable goals, seeking growth opportunities, and embracing challenges with resilience and determination.""","""Success, to me, is achieving personal fulfillment, making a positive impact, and pursuing my passions with purpose and integrity. I plan to achieve success by setting ambitious yet realistic goals, seizing opportunities for growth, and embracing challenges with resilience and determination."""
How do you think technology has changed the way we communicate and interact with others?,I can talk to my grandma on the computer!,We can video chat with family far away and send emails to our teachers.,"We can talk to friends and family far away, do research for school projects, and play games online together.","""Technology lets us talk to friends far away, play games together, and learn new things online. But it's also important to talk face-to-face and play outside with friends.""","Technology lets us talk to friends and family through texts and video calls, but sometimes it's important to talk face-to-face and spend time together without screens.","Technology has revolutionized communication, allowing us to connect instantly with people worldwide through social media, video calls, and messaging apps. While it has its benefits, we must also be mindful of its impact on face-to-face interactions and mental health.","""Technology has revolutionized communication, enabling instant connectivity and global interaction through social media, messaging apps, and video conferencing. While it enhances convenience and connectivity, it's important to balance digital interactions with meaningful face-to-face connections.""","""Technology has revolutionized communication, enabling instant connectivity and global collaboration through social media, digital platforms, and virtual communication tools. While it enhances efficiency and connectivity, it's important to balance digital interactions with face-to-face communication and maintain digital wellness.""","""Technology has revolutionized communication, offering instant connectivity and access to vast amounts of information. While it enhances convenience and collaboration, it's crucial to balance screen time with face-to-face interactions and maintain digital well-being.""","""Technology has revolutionized communication, offering instant connectivity and access to information. While it enhances efficiency and connectivity, it's important to be mindful of digital etiquette, privacy concerns, and the impact of screen time on mental health and relationships.""","""Technology has revolutionized communication, offering instant connectivity and access to information. While it enhances productivity and connectivity, it's essential to balance virtual interactions with face-to-face communication and maintain digital well-being.""","""Technology has revolutionized communication, offering instant connectivity and access to information. While it enhances efficiency and connectivity, it's important to balance virtual interactions with face-to-face communication and maintain digital well-being."""
What are your thoughts on environmental conservation and sustainability?,We need to water plants so they can grow big and strong!,It's important to recycle and save water so we can protect animals and trees.,"We need to protect animals, trees, and oceans. I recycle, use reusable bags, and try to save water.","""We need to take care of the Earth by recycling, turning off lights when we're not using them, and using less water. If we take care of the planet, it can stay healthy for animals and people.""","Taking care of the Earth is super important! We can help by recycling, using less plastic, and planting trees to make sure our planet stays healthy for future generations.","Environmental conservation is crucial to preserving our planet for future generations. Through sustainable practices like recycling, reducing waste, and advocating for renewable energy, we can protect ecosystems and mitigate the effects of climate change.","""Environmental conservation and sustainability are paramount in preserving our planet's resources and biodiversity. By promoting renewable energy, reducing consumption, and advocating for conservation efforts, we can mitigate the effects of climate change and protect ecosystems.""","""Environmental conservation and sustainability are critical in preserving ecosystems, mitigating climate change, and ensuring the well-being of future generations. By promoting renewable energy, advocating for environmental policies, and adopting eco-friendly practices, we can contribute to a more sustainable future.""","""Environmental conservation and sustainability are critical in combating climate change and preserving biodiversity. By advocating for renewable energy, reducing consumption, and promoting eco-friendly practices, we can mitigate environmental degradation and protect our planet for future generations.""","""Environmental conservation and sustainability are critical in preserving ecosystems, mitigating climate change, and ensuring a habitable planet for future generations. By advocating for renewable energy, reducing consumption, and promoting eco-friendly practices, we can protect our environment and biodiversity.""","""Environmental conservation and sustainability are crucial in combating climate change and preserving biodiversity. By advocating for renewable energy, promoting eco-friendly practices, and raising awareness, we can mitigate environmental degradation and protect our planet for future generations.""","""Environmental conservation and sustainability are critical in mitigating climate change and preserving biodiversity. By advocating for renewable energy, promoting eco-friendly practices, and raising awareness, we can protect our planet and create a more sustainable future for generations to come."""
"Can you share your opinions on fairness and equality, and how they relate to different aspects of society?",Everyone should get a turn on the slide at recess!,"Everyone should be treated the same, no matter what they look like or where they're from.","Everyone should be treated the same, no matter their race, gender, or abilities. Fairness means giving everyone a chance.","""Fairness is when everyone gets treated the same, and equality is when everyone has the same chances. It's important for everyone to be fair and equal, no matter who they are.""","Fairness means everyone gets treated the same, no matter what they look like or where they're from. Equality means everyone has the same opportunities to learn, play, and succeed.","Fairness and equality are fundamental principles that should guide laws, policies, and social norms. Whether it's ensuring equal access to education, healthcare, or opportunities, promoting fairness and equality fosters a more just and inclusive society.","""Fairness and equality are foundational principles that should guide laws, policies, and social norms. From access to education and healthcare to opportunities in the workforce, ensuring fairness and equality fosters social cohesion and justice.""","""Fairness and equality are fundamental principles that should guide social policies, economic opportunities, and access to resources. From education and healthcare to criminal justice and employment, ensuring fairness and equality fosters social cohesion, justice, and opportunity for all.""","""Fairness and equality are fundamental principles that should guide social policies, economic opportunities, and access to resources. From education and healthcare to criminal justice and employment, ensuring fairness and equality fosters social cohesion and justice.""","""Fairness and equality are essential principles that should guide social policies, economic opportunities, and access to resources. From education and healthcare to criminal justice and employment, ensuring fairness and equality fosters social justice, equity, and opportunity for all.""","""Fairness and equality are fundamental principles that should guide social policies, economic opportunities, and access to resources. From education and healthcare to criminal justice and employment, ensuring fairness and equality fosters social justice, equity, and opportunity for all.""","""Fairness and equality are fundamental principles that should guide social policies, economic opportunities, and access to resources. From education and healthcare to criminal justice and employment, ensuring fairness and equality fosters social justice, equity, and opportunity for all."""
How do you think diversity and inclusion contribute to a stronger and more vibrant community?,I like having friends who like different colors and toys.,Having friends from different backgrounds makes our school more fun and interesting.,Having friends from different backgrounds makes us learn new things and appreciate each other's differences.,"""Having friends who are different from me makes life fun! We can learn about each other's cultures, share our favorite foods, and play games together. Everyone should feel included and welcome.""",Having friends from different backgrounds makes our community more interesting and helps us learn about different cultures. It's important to include everyone and make sure no one feels left out.,"Diversity brings together people from different backgrounds, experiences, and perspectives, enriching our communities with creativity, innovation, and understanding. Embracing diversity and fostering inclusion ensures everyone feels valued and respected.","""Diversity fosters innovation, creativity, and cultural understanding within communities. Embracing diverse perspectives and experiences promotes empathy, tolerance, and mutual respect, leading to a more inclusive and vibrant society.""","""Diversity and inclusion enrich communities by fostering innovation, creativity, and cultural understanding. Embracing diverse perspectives, experiences, and identities promotes empathy, tolerance, and mutual respect, leading to a more vibrant and inclusive society.""","""Diversity and inclusion enrich communities by fostering innovation, creativity, and cultural understanding. Embracing diverse perspectives and identities promotes empathy, tolerance, and mutual respect, leading to a more vibrant and inclusive society.""","""Diversity and inclusion enrich communities by fostering innovation, creativity, and cultural understanding. Embracing diverse perspectives, experiences, and identities promotes empathy, tolerance, and mutual respect, creating a more vibrant and inclusive society.""","""Diversity and inclusion enrich communities by fostering innovation, creativity, and cultural understanding. Embracing diverse perspectives, experiences, and identities promotes empathy, tolerance, and mutual respect, creating a more dynamic and inclusive society.""","""Diversity and inclusion enrich communities by fostering innovation, creativity, and cultural understanding. By embracing diverse perspectives, experiences, and identities, we can promote empathy, tolerance, and mutual respect, creating a more dynamic and inclusive society."""
What role do you believe art and creativity play in our lives and society?,I like drawing pictures of animals! It makes me happy.,Art lets us express ourselves and see the world in new ways. I love drawing pictures!,Art lets us express ourselves and see the world in different ways. It makes life more colorful and fun!,"""Art is so cool! Drawing, painting, and making things lets us show who we are and how we feel. Art makes the world colorful and happy!""","Art lets us express ourselves and see the world in new ways. Whether it's painting, dancing, or playing music, being creative makes life more colorful and fun!","Art and creativity inspire imagination, self-expression, and empathy. Whether through visual arts, music, or literature, creativity fosters innovation, challenges perspectives, and brings people together.","""Art and creativity enrich our lives by providing avenues for self-expression, emotional exploration, and cultural appreciation. From visual arts and music to literature and performance, creativity fuels innovation, inspires change, and fosters connection.""","""Art and creativity inspire imagination, self-expression, and emotional exploration, enriching our lives and fostering cultural appreciation. From visual arts and music to literature and performance, creativity fuels innovation, fosters connection, and promotes social change.""","""Art and creativity inspire imagination, self-expression, and emotional exploration, enriching our lives and fostering cultural appreciation. From visual arts and music to literature and performance, creativity fuels innovation, fosters connection, and challenges societal norms.""","""Art and creativity inspire imagination, self-expression, and emotional exploration, enriching our lives and shaping culture. From visual arts and music to literature and film, creativity fuels innovation, fosters connection, and challenges societal norms.""","""Art and creativity inspire imagination, self-expression, and emotional exploration, enriching our lives and shaping culture. From visual arts and music to literature and film, creativity fuels innovation, fosters connection, and challenges societal norms.""","""Art and creativity inspire imagination, self-expression, and emotional exploration, enriching our lives and shaping culture. From visual arts and music to literature and film, creativity fuels innovation, fosters connection, and challenges societal norms."""
"How do you define happiness, and what factors do you think contribute to it?",Happiness is playing with my friends and eating ice cream!,"Happiness is playing with friends, spending time with family, and doing things I love.","Happiness is spending time with family and friends, doing things I love, and helping others.","""Happiness is when I'm with my family, playing with my pets, and doing things I love, like reading and playing outside. Being kind to others and helping them also makes me really happy.""","Happiness is feeling good inside and having fun with friends and family. Doing things we love, helping others, and being grateful for what we have all contribute to happiness.","Happiness is a subjective experience that stems from fulfillment, contentment, and positive emotions. Factors like meaningful relationships, pursuing passions, and practicing gratitude contribute to lasting happiness.","""Happiness is a subjective state of well-being characterized by contentment, fulfillment, and positive emotions. Factors such as meaningful relationships, personal growth, and contributing to something greater than oneself contribute to lasting happiness.""","""Happiness is a subjective state of well-being characterized by fulfillment, contentment, and positive emotions. Factors such as meaningful relationships, personal growth, and pursuing passions contribute to happiness, as well as acts of kindness, gratitude, and connection with others.""","""Happiness is a subjective state of well-being characterized by contentment, fulfillment, and purpose. Factors such as meaningful relationships, personal growth, and pursuing passions contribute to happiness, as well as acts of kindness, gratitude, and mindfulness.""","""When I volunteered at a local charity event and witnessed the impact of collective action on addressing community needs, it inspired me to become more involved in activism and social change efforts. It reaffirmed the power of individuals coming together to create positive change.""","""Happiness is a subjective state of well-being characterized by contentment, fulfillment, and joy. Factors such as meaningful relationships, personal growth, and pursuing passions contribute to happiness, as well as gratitude, mindfulness, and positive social connections.""","""Happiness is a subjective state of well-being characterized by contentment, fulfillment, and joy. Factors such as meaningful relationships, personal growth, and pursuing passions contribute to happiness, as well as gratitude, mindfulness, and positive social connections."""
Can you describe a moment when you felt inspired or motivated to make a positive change?,"When I helped my friend find their lost toy, it made me feel good inside.","When I saw people helping others after a storm, it made me want to do something kind too.","When I saw people helping others after a natural disaster, it made me want to volunteer and do good things too.","""When I saw people cleaning up the beach on TV, it inspired me to pick up trash at the park with my friends. It felt good to help the Earth and make it clean and pretty.""","When I saw my classmates picking up trash at recess to help the environment, it inspired me to do the same and make a difference in my community.","When I volunteered at a local shelter and saw the impact of my actions on people's lives, it inspired me to continue giving back to my community and advocating for those in need.","""When I volunteered at a local shelter and saw the impact of my actions on individuals in need, it inspired me to continue giving back to my community and advocating for causes I believe in. It reaffirmed the power of collective action in creating positive change.""","""When I volunteered at a local shelter and witnessed the impact of my actions on individuals in need, it inspired me to become more involved in community service and advocacy efforts. It reaffirmed the power of collective action in creating positive change and fostering empathy.""","""When I volunteered at a local shelter and witnessed the impact of my actions on individuals in need, it motivated me to become more involved in community service and advocacy efforts. It reaffirmed the importance of empathy, compassion, and collective action in creating positive change.""","""When I volunteered at a local charity event and witnessed the impact of collective action on addressing community needs, it inspired me to become more involved in activism and social change efforts. It reaffirmed the power of individuals coming together to create positive change.""","""When I volunteered at a local shelter and saw the impact of my actions on individuals in need, it motivated me to become more involved in community service and advocacy. It reaffirmed the power of empathy, compassion, and collective action in creating positive change.""","""When I volunteered at a local shelter and saw the impact of my actions on individuals in need, it motivated me to become more involved in community service and advocacy. It reaffirmed the power of empathy, compassion, and collective action in creating positive change."""
How do you think education can be improved to better prepare students for the future?,Learning letters and numbers helps me get ready for big kid school!,We can learn about technology and problem-solving so we can solve big challenges when we grow up.,"We can learn about technology, problem-solving, and different cultures to understand the world better.","""School should have more fun projects and field trips where we can learn by doing. Learning about different places and cultures helps us understand the world better.""","School should teach us important skills like problem-solving, teamwork, and using technology responsibly. Learning about different cultures and perspectives also helps us understand the world better.","Education should focus on fostering critical thinking, problem-solving, and adaptability skills rather than rote memorization. Incorporating technology, real-world experiences, and diverse perspectives into curriculum prepares students for the complexities of the modern world.","""Education should prioritize critical thinking, problem-solving, and adaptability skills alongside traditional academics. Incorporating technology, real-world experiences, and diverse perspectives into the curriculum prepares students for the complexities of the modern world.""","""Education should prioritize critical thinking, problem-solving, and adaptability skills alongside academic knowledge. Incorporating interdisciplinary learning, real-world experiences, and technology integration prepares students for the complexities of the modern world and fosters lifelong learning.""","""Education should prioritize critical thinking, problem-solving, and creativity alongside academic knowledge. By incorporating real-world experiences, interdisciplinary learning, and technology integration, we can better equip students with the skills and competencies needed for success in an ever-changing world.""","""Education should prioritize critical thinking, problem-solving, and creativity alongside academic knowledge. By incorporating real-world experiences, project-based learning, and technology integration, we can better equip students with the skills and competencies needed for success in a rapidly changing world.""","""Education should prioritize critical thinking, problem-solving, and creativity alongside academic knowledge. By incorporating real-world experiences, project-based learning, and technology integration, we can better equip students with the skills and competencies needed for success in a rapidly changing world.""","""Education should prioritize critical thinking, problem-solving, and creativity alongside academic knowledge. By incorporating real-world experiences, project-based learning, and technology integration, we can better equip students with the skills and competencies needed for success in a rapidly changing world."""
"What do you believe are the most important qualities of a good leader, and why?",A good leader listens to everyone and helps them when they need it.,Good leaders listen to everyone's ideas and help others feel included. They make sure everyone feels safe.,"Good leaders listen to others, are fair, and help solve problems. They inspire people to do their best.","""Good leaders listen to others, are fair, and help solve problems. They make everyone feel included and encourage us to do our best.""","Good leaders listen to others, make fair decisions, and encourage everyone to do their best. They lead by example and inspire others to follow them.","Good leaders demonstrate integrity, empathy, communication skills, and the ability to inspire and empower others. By leading by example, listening to diverse perspectives, and fostering collaboration, they create positive change and drive progress.","""Good leaders demonstrate integrity, empathy, resilience, and vision. By inspiring and empowering others, fostering collaboration, and leading by example, they can effectively navigate challenges and drive positive change.""","""Good leaders demonstrate integrity, empathy, resilience, and vision. By inspiring others, fostering collaboration, and advocating for positive change, they can effectively navigate challenges and empower others to reach their full potential.""","""Good leaders demonstrate integrity, empathy, resilience, and vision. By inspiring others, fostering collaboration, and advocating for positive change, they can effectively navigate challenges and empower others to reach their full potential.""","""Good leaders demonstrate integrity, empathy, resilience, and vision. By inspiring others, fostering collaboration, and advocating for positive change, they can effectively navigate challenges and empower others to achieve their full potential.""","""Good leaders demonstrate integrity, empathy, resilience, and vision. By inspiring others, fostering collaboration, and advocating for positive change, they can effectively navigate challenges and empower others to achieve their full potential.""","""Good leaders demonstrate integrity, empathy, resilience, and vision. By inspiring others, fostering collaboration, and advocating for positive change, they can effectively navigate challenges and empower others to achieve their full potential."""
"How do you think globalization has impacted our world, both positively and negatively?
","I'm not sure, but I like learning about different countries and cultures!","It's cool that we can learn about different countries and cultures, but we also need to make sure everyone is treated fairly.","Globalization lets us learn about other countries, cultures, and traditions, but it can also lead to cultural misunderstandings.","""Globalization lets us learn about other countries, try new foods, and make friends around the world. But it can also make some people lose their jobs and hurt the environment.""","Globalization lets us learn about other countries and share ideas, but it can also lead to problems like cultural misunderstandings and environmental issues. It's important to work together to solve these problems.","Globalization has facilitated the exchange of goods, ideas, and cultures on a global scale, fostering economic growth, cultural exchange, and technological advancements. However, it has also led to challenges like economic inequality, cultural homogenization, and environmental degradation.","""Globalization has facilitated cultural exchange, economic growth, and technological advancement, connecting people and ideas across borders. However, it has also led to issues like economic inequality, cultural homogenization, and environmental degradation that require careful consideration and management.""","""Globalization has facilitated cultural exchange, economic growth, and technological advancement, connecting people and ideas across borders. However, it has also led to challenges such as economic inequality, cultural homogenization, and environmental degradation that require thoughtful consideration and global cooperation.""","""Globalization has facilitated economic growth, cultural exchange, and technological advancement, connecting people and ideas across borders. However, it has also led to challenges such as economic inequality, cultural homogenization, and environmental degradation that require thoughtful consideration and global cooperation.""","""Globalization has facilitated economic growth, cultural exchange, and technological advancement, connecting people and ideas across borders. However, it has also led to challenges such as economic inequality, cultural homogenization, and environmental degradation that require thoughtful consideration and global cooperation.""","""Globalization has facilitated economic growth, cultural exchange, and technological advancement, connecting people and ideas across borders. However, it has also led to challenges such as economic inequality, cultural homogenization, and environmental degradation that require thoughtful consideration and global cooperation.""","""Globalization has facilitated economic growth, cultural exchange, and technological advancement, connecting people and ideas across borders. However, it has also led to challenges such as economic inequality, cultural homogenization, and environmental degradation that require thoughtful consideration and global cooperation."""
Can you share your thoughts on the importance of empathy and understanding in building relationships and resolving conflicts?,"Empathy means being nice to others, like sharing toys and saying sorry.",Empathy means putting yourself in someone else's shoes and being kind. It helps us understand each other better.,Empathy means understanding how others feel and being kind. It helps us get along with others and solve problems peacefully.,"""Empathy means understanding how someone else feels and being kind to them. If we listen to each other and try to understand, we can solve problems without fighting.""",Empathy means understanding how others feel and being kind to them. It helps us get along with friends and solve problems without fighting.,"Empathy and understanding are essential for building strong relationships, fostering mutual respect, and resolving conflicts peacefully. By putting ourselves in others' shoes and actively listening to their perspectives, we can bridge divides and cultivate empathy.","""Empathy and understanding are essential in fostering meaningful connections and resolving conflicts peacefully. By actively listening, considering others' perspectives, and practicing empathy, we can build trust, strengthen relationships, and promote harmony.""","""Empathy and understanding are essential in building meaningful connections, fostering mutual respect, and resolving conflicts peacefully. By actively listening, considering others' perspectives, and practicing empathy, we can promote empathy, understanding, and reconciliation.""","""Empathy and understanding are essential in building meaningful connections, fostering mutual respect, and resolving conflicts peacefully. By actively listening, considering others' perspectives, and practicing empathy, we can promote empathy, understanding, and reconciliation.""","""Empathy and understanding are essential in building meaningful connections, fostering mutual respect, and resolving conflicts peacefully. By actively listening, considering others' perspectives, and practicing empathy, we can promote empathy, understanding, and reconciliation.""","""Empathy and understanding are essential in building meaningful connections, fostering mutual respect, and resolving conflicts peacefully. By actively listening, considering others' perspectives, and practicing empathy, we can promote empathy, understanding, and reconciliation.""","""Empathy and understanding are essential in building meaningful connections, fostering mutual respect, and resolving conflicts peacefully. By actively listening, considering others' perspectives, and practicing empathy, we can promote empathy, understanding, and reconciliation."""
How do you think we can encourage more creativity and innovation in our schools and workplaces?,We can have art class and play with building blocks!,"We can have more art and science projects, and teachers can let us share our ideas and try new things.",Teachers can give us projects where we can be creative and try new things. We can also brainstorm ideas together.,"""Teachers can give us fun projects where we can be creative and come up with our own ideas. At work, bosses can listen to our ideas and let us try new things.""","Schools can have art classes, science experiments, and projects where we can come up with our own ideas. At work, bosses can listen to employees' suggestions and let them try new things.","Schools and workplaces can foster creativity and innovation by providing opportunities for experimentation, collaboration, and exploration. Encouraging risk-taking, celebrating diverse ideas, and creating supportive environments that value creativity can spark innovation.","""Schools and workplaces can promote creativity and innovation by providing opportunities for experimentation, interdisciplinary collaboration, and problem-based learning. Encouraging risk-taking, celebrating diverse ideas, and fostering a culture of curiosity and exploration can inspire creativity.""","""Schools and workplaces can promote creativity and innovation by providing opportunities for experimentation, collaboration, and problem-based learning. Encouraging risk-taking, celebrating diverse ideas, and fostering a culture of curiosity and innovation can inspire creativity and drive innovation.""","""Schools and workplaces can promote creativity and innovation by providing opportunities for experimentation, collaboration, and autonomy. Encouraging risk-taking, celebrating diverse ideas, and fostering a culture of curiosity and innovation can inspire creativity and drive innovation.""","""Schools and workplaces can promote creativity and innovation by providing opportunities for exploration, experimentation, and collaboration. Encouraging risk-taking, celebrating diverse ideas, and fostering a culture of curiosity and innovation can inspire creativity and drive innovation.""","""Schools and workplaces can promote creativity and innovation by providing opportunities for exploration, experimentation, and collaboration. Encouraging risk-taking, celebrating diverse ideas, and fostering a culture of curiosity and innovation can inspire creativity and drive innovation.""","""Schools and workplaces can promote creativity and innovation by providing opportunities for exploration, experimentation, and collaboration. Encouraging risk-taking, celebrating diverse ideas, and fostering a culture of curiosity and innovation can inspire creativity and drive innovation."""
"What role do you believe ethics and morality should play in decision-making, both personally and professionally?",I know that it's important to tell the truth and be kind to others.,"It's important to make choices that are fair and kind, even when it's hard. Doing the right thing is always best.",Ethics and morality help us make good choices and treat others with respect and fairness. They guide our actions.,"""Ethics and morality mean doing what's right and treating others nicely. They help us make good choices and be honest, even when no one is watching.""","Ethics and morality mean doing what's right and being honest, even when no one is watching. They help us make good choices and treat others with respect.","Ethics and morality provide guiding principles for decision-making, guiding us to act with integrity, honesty, and compassion. Whether in personal or professional contexts, ethical decision-making ensures fairness, accountability, and respect for others.\","""Ethics and morality provide guiding principles for decision-making, guiding individuals to act with integrity, honesty, and compassion. Whether in personal relationships or professional settings, ethical decision-making ensures accountability, fairness, and respect for others.""","""Ethics and morality provide guiding principles for decision-making, guiding individuals to act with integrity, honesty, and compassion. Whether in personal relationships or professional settings, ethical decision-making ensures accountability, fairness, and ethical conduct.""","""Ethics and morality provide guiding principles for decision-making, guiding individuals to act with integrity, honesty, and compassion. Whether in personal relationships or professional settings, ethical decision-making ensures accountability, fairness, and ethical conduct.""","""Ethics and morality provide guiding principles for decision-making, guiding individuals to act with integrity, honesty, and compassion. Whether in personal relationships or professional settings, ethical decision-making ensures accountability, fairness, and ethical conduct.""","""Ethics and morality provide guiding principles for decision-making, guiding individuals to act with integrity, honesty, and compassion. Whether in personal relationships or professional settings, ethical decision-making ensures accountability, fairness, and ethical conduct.""","""Ethics and morality provide guiding principles for decision-making, guiding individuals to act with integrity, honesty, and compassion. Whether in personal relationships or professional settings, ethical decision-making ensures accountability, fairness, and ethical conduct."""
"Can you describe a time when you had to make a difficult decision? How did you approach it, and what were the outcomes?","I had to decide if I wanted to share my snack with my friend. I decided to share, and we both had a snack!","I had to decide whether to share my favorite toy with my friend. I decided to share, and we had fun playing together.","I had to decide whether to tell the truth about something even though it might get me in trouble. I chose to be honest, and it felt right.","""When I had to choose between going to a friend's birthday party and studying for a big test, I talked to my parents and decided to study first. It was hard to miss the party, but I did well on the test!""","When I had to choose between two after-school activities that I loved, I talked to my parents and thought about which one would make me happiest. I chose the one that felt right, and I had a great time","When faced with a difficult decision, such as standing up to peer pressure or choosing between conflicting priorities, I relied on my values, sought advice from trusted adults, and considered the potential consequences. By making decisions aligned with my principles, I felt confident in my choices and learned valuable lessons.""\","""When faced with a difficult decision, such as choosing between two important opportunities, I carefully weighed the pros and cons, sought advice from trusted mentors, and considered the long-term implications. While it was challenging, it ultimately led to personal growth and positive outcomes.""","""When faced with a difficult decision, such as choosing between two important opportunities, I carefully considered the potential consequences, sought advice from trusted mentors, and reflected on my values and priorities. While it was challenging, it led to personal growth and positive outcomes.""","""When faced with a difficult decision, such as choosing between two important opportunities, I carefully considered the potential consequences, sought advice from trusted mentors, and reflected on my values and priorities. While it was challenging, it led to personal growth and positive outcomes.""","""When faced with a difficult decision, such as choosing between conflicting priorities or values, I carefully weighed the pros and cons, sought advice from trusted mentors, and reflected on my long-term goals and values. While it was challenging, it led to personal growth and clarity.""","""When faced with a difficult decision, such as choosing between conflicting priorities or values, I carefully considered the potential consequences, sought advice from trusted mentors, and reflected on my long-term goals and values. While it was challenging, it led to personal growth and clarity.""","""When faced with a difficult decision, such as choosing between conflicting priorities or values, I carefully considered the potential consequences, sought advice from trusted mentors, and reflected on my long-term goals and values. While it was challenging, it led to personal growth and clarity."""
How do you think social media has influenced our perceptions of ourselves and others?,"I'm not sure, but my mom says it's important to be kind online too.","Sometimes people only show the best parts of their lives on social media, so it's important to remember that everyone has good and bad days.",Social media can make us compare ourselves to others and feel bad about ourselves. It's important to remember that people only show the best parts of their lives online.,"""Social media can be fun, but sometimes it makes people feel bad about themselves if they compare themselves to others. It's important to remember that everyone is different and special in their own way.""","Social media can make us feel like we need to be perfect and compare ourselves to others. It's important to remember that people only show the good parts of their lives online, and we're all unique and special in our own way.","Social media can shape our perceptions of ourselves and others by presenting curated versions of reality, fostering comparison, and influencing self-esteem. While it can connect us globally and amplify voices, it's essential to critically evaluate content and prioritize offline interactions.","""Social media can shape our self-image and perceptions of others by presenting curated versions of reality, fostering comparison, and amplifying societal pressures. It's important to critically evaluate online content and prioritize authentic connections and self-care.""","""Social media has influenced our self-image and perceptions of others by presenting curated versions of reality, fostering comparison, and amplifying societal pressures. It's important to critically evaluate online content and prioritize authentic connections and digital well-being.""","""Social media has influenced our self-image and perceptions of others by presenting curated versions of reality, fostering comparison, and amplifying societal pressures. It's important to critically evaluate online content and prioritize authentic connections and digital well-being.""","""Social media has influenced our self-image and perceptions of others by presenting curated versions of reality, fostering comparison, and amplifying societal pressures. It's important to critically evaluate online content and prioritize authentic connections and digital well-being.""","""Social media has influenced our self-image and perceptions of others by presenting curated versions of reality, fostering comparison, and amplifying societal pressures. It's important to critically evaluate online content and prioritize authentic connections and digital well-being.""","""Social media has influenced our self-image and perceptions of others by presenting curated versions of reality, fostering comparison, and amplifying societal pressures. It's important to critically evaluate online content and prioritize authentic connections and digital well-being."""
"What are your aspirations for the future, and what steps do you plan to take to achieve them?",I want to be an astronaut and explore space! I'll study hard and be brave!,I want to be a scientist and discover new things! I'll study hard in school and ask lots of questions.,"I want to be a doctor and help people when they're sick. I'll study hard in school, go to college, and learn all I can to reach my goal.","""I want to be a scientist and discover new things! I'll study science in school, ask lots of questions, and maybe even do experiments at home. I can't wait to learn more about the world!""","I want to be a veterinarian and help animals. I'll study hard in school, volunteer at animal shelters, and learn as much as I can about animals and how to take care of them.","I aspire to make a positive impact on the world by pursuing my passions, advocating for causes I believe in, and fostering positive change in my community. To achieve my goals, I plan to continue learning, seeking mentorship, and taking action to create the future I envision.","""I aspire to pursue a career in science and make meaningful contributions to society through research and innovation. To achieve my goals, I'll continue to prioritize academic excellence, seek out mentorship opportunities, and pursue my passions with dedication and perseverance.""","""I aspire to pursue a career in science and make meaningful contributions to society through research and innovation. To achieve my goals, I'll continue to prioritize academic excellence, seek out mentorship opportunities, and pursue my passions with dedication and perseverance.""","""I aspire to pursue a career in technology and entrepreneurship, leveraging innovation to address social and environmental challenges. To achieve my goals, I'll continue to pursue STEM education, seek out mentorship opportunities, and collaborate with like-minded individuals to create positive change.""","""I aspire to pursue a career in medicine and contribute to advancements in global health and healthcare accessibility. To achieve my goals, I'll continue to excel academically, gain relevant experience through internships and volunteer work, and seek mentorship from professionals in the field.""","""I aspire to pursue a career in technology and innovation, leveraging my skills to address pressing global challenges. To achieve my goals, I'll continue to pursue STEM education, seek out internships and research opportunities, and collaborate with like-minded individuals to create positive change.""","""I aspire to pursue a career in technology and innovation, leveraging my skills to address pressing global challenges. To achieve my goals, I'll continue to pursue STEM education, seek out internships and research opportunities, and collaborate with like-minded individuals to create positive change."""